method,loss,ppl,accuracy
stdp_trace,6.442747421133956,628.1301694187393,0.12360181386309653
stdp_bio,6.4615803263493925,640.0717800222213,0.11358237961563378
btsp_trace,6.177674168718398,481.86990391008464,0.08136471604405096
btsp_bio,5.927057587315924,375.0493387500326,0.08594256100194342
dendritic_error_1810_lite,4.686888972309938,108.51506077243086,0.2366227596631397
torch_llama,3.4676963724195957,32.0627965631,0.3431396484375
